,PubChem_pattern,SMARTS,images
66,C(~Br)(~H),[#6](~[#35])(~[#1]),../data/pubchemfp_pattern_images/66.png
68,C(~Br)(:N),[#6](~[#35])(:[#7]),../data/pubchemfp_pattern_images/68.png
72,C(~C)(~C)(~C)(~H),[#6](~[#6])(~[#6])(~[#6])(~[#1]),../data/pubchemfp_pattern_images/72.png
73,C(~C)(~C)(~C)(~N),[#6](~[#6])(~[#6])(~[#6])(~[#7]),../data/pubchemfp_pattern_images/73.png
74,C(~C)(~C)(~C)(~O),[#6](~[#6])(~[#6])(~[#6])(~[#8]),../data/pubchemfp_pattern_images/74.png
75,C(~C)(~C)(~H)(~N),[#6](~[#6])(~[#6])(~[#1])(~[#7]),../data/pubchemfp_pattern_images/75.png
76,C(~C)(~C)(~H)(~O),[#6](~[#6])(~[#6])(~[#1])(~[#8]),../data/pubchemfp_pattern_images/76.png
80,C(~C)(~Cl)(~H),[#6](~[#6])(~[#17])(~[#1]),../data/pubchemfp_pattern_images/80.png
84,C(~C)(~H)(~O)(~O),[#6](~[#6])(~[#1])(~[#8])(~[#8]),../data/pubchemfp_pattern_images/84.png
85,C(~C)(~H)(~P),[#6](~[#6])(~[#1])(~P),../data/pubchemfp_pattern_images/85.png
86,C(~C)(~H)(~S),[#6](~[#6])(~[#1])(~S),../data/pubchemfp_pattern_images/86.png
87,C(~C)(~I),[#6](~[#6])(~I),../data/pubchemfp_pattern_images/87.png
91,C(~C)(~Si),[#6](~[#6])(~[#14]),../data/pubchemfp_pattern_images/91.png
97,C(~Cl)(~Cl),[#6](~[#17])(~[#17]),../data/pubchemfp_pattern_images/97.png
98,C(~Cl)(~H),[#6](~[#17])(~[#1]),../data/pubchemfp_pattern_images/98.png
100,C(~F)(~F),[#6](~F)(~F),../data/pubchemfp_pattern_images/100.png
101,C(~F)(:C),[#6](~F)(:[#6]),../data/pubchemfp_pattern_images/101.png
104,C(~H)(~O)(~O),[#6](~[#1])(~[#8])(~[#8]),../data/pubchemfp_pattern_images/104.png
105,C(~H)(~S),[#6](~[#1])(~S),../data/pubchemfp_pattern_images/105.png
106,C(~H)(~Si),[#6](~[#1])(~[#14]),../data/pubchemfp_pattern_images/106.png
108,C(~H)(:C)(:C),[#6](~[#1])(:[#6])(:[#6]),../data/pubchemfp_pattern_images/108.png
109,C(~H)(:C)(:N),[#6](~[#1])(:[#6])(:[#7]),../data/pubchemfp_pattern_images/109.png
111,C(~H)(~H)(~H),[#6](~[#1])(~[#1])(~[#1]),../data/pubchemfp_pattern_images/111.png
122,C(:C)(:C)(:C),[#6](:[#6])(:[#6])(:[#6]),../data/pubchemfp_pattern_images/122.png
123,C(:C)(:C)(:N),[#6](:[#6])(:[#6])(:[#7]),../data/pubchemfp_pattern_images/123.png
125,C(:C)(:N)(:N),[#6](:[#6])(:[#7])(:[#7]),../data/pubchemfp_pattern_images/125.png
131,N(~C)(~H)(~N),[#7](~[#6])(~[#1])(~[#7]),../data/pubchemfp_pattern_images/131.png
137,N(~H)(:C)(:C),[#7](~[#1])(:[#6])(:[#6]),../data/pubchemfp_pattern_images/137.png
139,N(~O)(:O),[#7](~[#8])(:[#8]),../data/pubchemfp_pattern_images/139.png
141,N(:C)(:C)(:C),[#7](:[#6])(:[#6])(:[#6]),../data/pubchemfp_pattern_images/141.png
144,O(~C)(~P),[#8](~[#6])(~P),../data/pubchemfp_pattern_images/144.png
145,O(~H)(~S),[#8](~[#1])(~S),../data/pubchemfp_pattern_images/145.png
147,P(~C)(~C),P(~[#6])(~[#6]),../data/pubchemfp_pattern_images/147.png
152,Si(~C)(~C),[#14](~[#6])(~[#6]),../data/pubchemfp_pattern_images/152.png
165,C(#C)(-H),"[#6](#[#6])(-,:[#1])",../data/pubchemfp_pattern_images/165.png
168,C(-C)(-C)(=N),"[#6](-,:[#6])(-,:[#6])(=,:[#7])",../data/pubchemfp_pattern_images/168.png
170,C(-C)(-Cl)(=O),"[#6](-,:[#6])(-,:[#17])(=,:[#8])",../data/pubchemfp_pattern_images/170.png
171,C(-C)(-H)(=C),"[#6](-,:[#6])(-,:[#1])(=,:[#6])",../data/pubchemfp_pattern_images/171.png
172,C(-C)(-H)(=N),"[#6](-,:[#6])(-,:[#1])(=,:[#7])",../data/pubchemfp_pattern_images/172.png
173,C(-C)(-H)(=O),"[#6](-,:[#6])(-,:[#1])(=,:[#8])",../data/pubchemfp_pattern_images/173.png
175,C(-C)(-N)(=N),"[#6](-,:[#6])(-,:[#7])(=,:[#7])",../data/pubchemfp_pattern_images/175.png
176,C(-C)(-N)(=O),"[#6](-,:[#6])(-,:[#7])(=,:[#8])",../data/pubchemfp_pattern_images/176.png
177,C(-C)(-O)(=O),"[#6](-,:[#6])(-,:[#8])(=,:[#8])",../data/pubchemfp_pattern_images/177.png
181,C(-Cl)(=O),"[#6](-,:[#17])(=,:[#8])",../data/pubchemfp_pattern_images/181.png
182,C(-H)(-N)(=C),"[#6](-,:[#1])(-,:[#7])(=,:[#6])",../data/pubchemfp_pattern_images/182.png
185,C(-H)(=O),"[#6](-,:[#1])(=,:[#8])",../data/pubchemfp_pattern_images/185.png
192,N(-O)(=O),"[#7](-,:[#8])(=,:[#8])",../data/pubchemfp_pattern_images/192.png
193,P(-O)(=O),"P(-,:[#8])(=,:[#8])",../data/pubchemfp_pattern_images/193.png
195,S(-O)(=O),"S(-,:[#8])(=,:[#8])",../data/pubchemfp_pattern_images/195.png
196,S(=O)(=O),"S(=,:[#8])(=,:[#8])",../data/pubchemfp_pattern_images/196.png
197,C-C-C#C,"[#6]-,:[#6]-,:[#6]#[#6]",../data/pubchemfp_pattern_images/197.png
200,N:C-S-[#1],"[#7]:[#6]-,:S-,:[#1]",../data/pubchemfp_pattern_images/200.png
202,O=S-C-C,"[#8]=,:S-,:[#6]-,:[#6]",../data/pubchemfp_pattern_images/202.png
203,N#C-C=C,"[#7]#[#6]-,:[#6]=,:[#6]",../data/pubchemfp_pattern_images/203.png
205,O=S-C-N,"[#8]=,:S-,:[#6]-,:[#7]",../data/pubchemfp_pattern_images/205.png
206,S-S-C:C,"S-,:S-,:[#6]:[#6]",../data/pubchemfp_pattern_images/206.png
208,S:C:C:C,S:[#6]:[#6]:[#6],../data/pubchemfp_pattern_images/208.png
210,S-C:N:C,"S-,:[#6]:[#7]:[#6]",../data/pubchemfp_pattern_images/210.png
211,S:C:C:N,S:[#6]:[#6]:[#7],../data/pubchemfp_pattern_images/211.png
212,S-C=N-C,"S-,:[#6]=,:[#7]-,:[#6]",../data/pubchemfp_pattern_images/212.png
215,S-C=N-[#1],"S-,:[#6]=,:[#7]-,:[#1]",../data/pubchemfp_pattern_images/215.png
216,S-C-S-C,"S-,:[#6]-,:S-,:[#6]",../data/pubchemfp_pattern_images/216.png
217,C:S:C-C,"[#6]:S:[#6]-,:[#6]",../data/pubchemfp_pattern_images/217.png
218,O-S-C:C,"[#8]-,:S-,:[#6]:[#6]",../data/pubchemfp_pattern_images/218.png
219,C:N-C:C,"[#6]:[#7]-,:[#6]:[#6]",../data/pubchemfp_pattern_images/219.png
220,N-S-C:C,"[#7]-,:S-,:[#6]:[#6]",../data/pubchemfp_pattern_images/220.png
222,N:C:C:N,[#7]:[#6]:[#6]:[#7],../data/pubchemfp_pattern_images/222.png
223,N-C:N:N,"[#7]-,:[#6]:[#7]:[#7]",../data/pubchemfp_pattern_images/223.png
225,N-C=N-[#1],"[#7]-,:[#6]=,:[#7]-,:[#1]",../data/pubchemfp_pattern_images/225.png
226,N-C-S-C,"[#7]-,:[#6]-,:S-,:[#6]",../data/pubchemfp_pattern_images/226.png
228,C-N:C-[#1],"[#6]-,:[#7]:[#6]-,:[#1]",../data/pubchemfp_pattern_images/228.png
229,N-C:O:C,"[#7]-,:[#6]:[#8]:[#6]",../data/pubchemfp_pattern_images/229.png
231,O=C-C:N,"[#8]=,:[#6]-,:[#6]:[#7]",../data/pubchemfp_pattern_images/231.png
233,N:N-C-[#1],"[#7]:[#7]-,:[#6]-,:[#1]",../data/pubchemfp_pattern_images/233.png
234,O-C:C:N,"[#8]-,:[#6]:[#6]:[#7]",../data/pubchemfp_pattern_images/234.png
236,N-C:C:N,"[#7]-,:[#6]:[#6]:[#7]",../data/pubchemfp_pattern_images/236.png
237,C-S-C:C,"[#6]-,:S-,:[#6]:[#6]",../data/pubchemfp_pattern_images/237.png
240,Cl-C:C-[#1],"[#17]-,:[#6]:[#6]-,:[#1]",../data/pubchemfp_pattern_images/240.png
243,C-C:N:C,"[#6]-,:[#6]:[#7]:[#6]",../data/pubchemfp_pattern_images/243.png
245,S=C-N-C,"S=,:[#6]-,:[#7]-,:[#6]",../data/pubchemfp_pattern_images/245.png
247,[#1]-N-N-[#1],"[#1]-,:[#7]-,:[#7]-,:[#1]",../data/pubchemfp_pattern_images/247.png
248,S=C-N-[#1],"S=,:[#6]-,:[#7]-,:[#1]",../data/pubchemfp_pattern_images/248.png
249,C-[As]-O-[#1],"[#6]-,:[#33]-,:[#8]-,:[#1]",../data/pubchemfp_pattern_images/249.png
250,S:C:C-[#1],"S:[#6]:[#6]-,:[#1]",../data/pubchemfp_pattern_images/250.png
251,O-N-C-C,"[#8]-,:[#7]-,:[#6]-,:[#6]",../data/pubchemfp_pattern_images/251.png
253,[#1]-C=C-[#1],"[#1]-,:[#6]=,:[#6]-,:[#1]",../data/pubchemfp_pattern_images/253.png
255,O=C-N-N,"[#8]=,:[#6]-,:[#7]-,:[#7]",../data/pubchemfp_pattern_images/255.png
258,C:N-C-[#1],"[#6]:[#7]-,:[#6]-,:[#1]",../data/pubchemfp_pattern_images/258.png
259,C-N-N-[#1],"[#6]-,:[#7]-,:[#7]-,:[#1]",../data/pubchemfp_pattern_images/259.png
262,[As]-C:C-[#1],"[#33]-,:[#6]:[#6]-,:[#1]",../data/pubchemfp_pattern_images/262.png
264,C:C:N-[#1],"[#6]:[#6]:[#7]-,:[#1]",../data/pubchemfp_pattern_images/264.png
265,[#1]-N-C-[#1],"[#1]-,:[#7]-,:[#6]-,:[#1]",../data/pubchemfp_pattern_images/265.png
269,S-C:C-[#1],"S-,:[#6]:[#6]-,:[#1]",../data/pubchemfp_pattern_images/269.png
276,N=C-C-[#1],"[#7]=,:[#6]-,:[#6]-,:[#1]",../data/pubchemfp_pattern_images/276.png
279,O-C:C-[#1],"[#8]-,:[#6]:[#6]-,:[#1]",../data/pubchemfp_pattern_images/279.png
283,N-C:C-[#1],"[#7]-,:[#6]:[#6]-,:[#1]",../data/pubchemfp_pattern_images/283.png
294,N:C-O-[#1],"[#7]:[#6]-,:[#8]-,:[#1]",../data/pubchemfp_pattern_images/294.png
296,O-C-N-[#1],"[#8]-,:[#6]-,:[#7]-,:[#1]",../data/pubchemfp_pattern_images/296.png
298,Cl-C-C=O,"[#17]-,:[#6]-,:[#6]=,:[#8]",../data/pubchemfp_pattern_images/298.png
299,Br-C-C=O,"[#35]-,:[#6]-,:[#6]=,:[#8]",../data/pubchemfp_pattern_images/299.png
308,[#1]-C-O-[#1],"[#1]-,:[#6]-,:[#8]-,:[#1]",../data/pubchemfp_pattern_images/308.png
309,N:C:N:C,[#7]:[#6]:[#7]:[#6],../data/pubchemfp_pattern_images/309.png
313,N=C-C:C-[#1],"[#7]=,:[#6]-,:[#6]:[#6]-,:[#1]",../data/pubchemfp_pattern_images/313.png
314,C:C-N-C:C,"[#6]:[#6]-,:[#7]-,:[#6]:[#6]",../data/pubchemfp_pattern_images/314.png
320,Cl-C:C-O-C,"[#17]-,:[#6]:[#6]-,:[#8]-,:[#6]",../data/pubchemfp_pattern_images/320.png
323,C-S-C-C-C,"[#6]-,:S-,:[#6]-,:[#6]-,:[#6]",../data/pubchemfp_pattern_images/323.png
324,N-C:C-O-[#1],"[#7]-,:[#6]:[#6]-,:[#8]-,:[#1]",../data/pubchemfp_pattern_images/324.png
325,O=C-C-C=O,"[#8]=,:[#6]-,:[#6]-,:[#6]=,:[#8]",../data/pubchemfp_pattern_images/325.png
327,C-C:C-O-[#1],"[#6]-,:[#6]:[#6]-,:[#8]-,:[#1]",../data/pubchemfp_pattern_images/327.png
333,N=C-N-C-C,"[#7]=,:[#6]-,:[#7]-,:[#6]-,:[#6]",../data/pubchemfp_pattern_images/333.png
334,O=C-C-C:C,"[#8]=,:[#6]-,:[#6]-,:[#6]:[#6]",../data/pubchemfp_pattern_images/334.png
336,[#1]-C-C=C-[#1],"[#1]-,:[#6]-,:[#6]=,:[#6]-,:[#1]",../data/pubchemfp_pattern_images/336.png
339,O=C-C-N-C,"[#8]=,:[#6]-,:[#6]-,:[#7]-,:[#6]",../data/pubchemfp_pattern_images/339.png
341,C-O-C-C:C,"[#6]-,:[#8]-,:[#6]-,:[#6]:[#6]",../data/pubchemfp_pattern_images/341.png
342,O=C-C-O-C,"[#8]=,:[#6]-,:[#6]-,:[#8]-,:[#6]",../data/pubchemfp_pattern_images/342.png
346,Cl-C-C-N-C,"[#17]-,:[#6]-,:[#6]-,:[#7]-,:[#6]",../data/pubchemfp_pattern_images/346.png
347,C-O-C-O-C,"[#6]-,:[#8]-,:[#6]-,:[#8]-,:[#6]",../data/pubchemfp_pattern_images/347.png
348,N-C-C-N-C,"[#7]-,:[#6]-,:[#6]-,:[#7]-,:[#6]",../data/pubchemfp_pattern_images/348.png
349,N-C-O-C-C,"[#7]-,:[#6]-,:[#8]-,:[#6]-,:[#6]",../data/pubchemfp_pattern_images/349.png
352,N-C-C-O-C,"[#7]-,:[#6]-,:[#6]-,:[#8]-,:[#6]",../data/pubchemfp_pattern_images/352.png
353,C:C:N:N:C,[#6]:[#6]:[#7]:[#7]:[#6],../data/pubchemfp_pattern_images/353.png
354,C-C-C-O-[#1],"[#6]-,:[#6]-,:[#6]-,:[#8]-,:[#1]",../data/pubchemfp_pattern_images/354.png
358,N-C:C:C:N,"[#7]-,:[#6]:[#6]:[#6]:[#7]",../data/pubchemfp_pattern_images/358.png
359,O=C-O-C:C,"[#8]=,:[#6]-,:[#8]-,:[#6]:[#6]",../data/pubchemfp_pattern_images/359.png
360,O=C-C:C-C,"[#8]=,:[#6]-,:[#6]:[#6]-,:[#6]",../data/pubchemfp_pattern_images/360.png
361,O=C-C:C-N,"[#8]=,:[#6]-,:[#6]:[#6]-,:[#7]",../data/pubchemfp_pattern_images/361.png
362,O=C-C:C-O,"[#8]=,:[#6]-,:[#6]:[#6]-,:[#8]",../data/pubchemfp_pattern_images/362.png
363,C-O-C:C-C,"[#6]-,:[#8]-,:[#6]:[#6]-,:[#6]",../data/pubchemfp_pattern_images/363.png
364,O=[As]-C:C:C,"[#8]=,:[#33]-,:[#6]:[#6]:[#6]",../data/pubchemfp_pattern_images/364.png
365,C-N-C-C:C,"[#6]-,:[#7]-,:[#6]-,:[#6]:[#6]",../data/pubchemfp_pattern_images/365.png
367,O-C:C-O-C,"[#8]-,:[#6]:[#6]-,:[#8]-,:[#6]",../data/pubchemfp_pattern_images/367.png
368,O-C:C-O-[#1],"[#8]-,:[#6]:[#6]-,:[#8]-,:[#1]",../data/pubchemfp_pattern_images/368.png
369,C-C-O-C:C,"[#6]-,:[#6]-,:[#8]-,:[#6]:[#6]",../data/pubchemfp_pattern_images/369.png
372,N-N-C-N-[#1],"[#7]-,:[#7]-,:[#6]-,:[#7]-,:[#1]",../data/pubchemfp_pattern_images/372.png
373,C-N-C-N-C,"[#6]-,:[#7]-,:[#6]-,:[#7]-,:[#6]",../data/pubchemfp_pattern_images/373.png
379,O-C-C-C=O,"[#8]-,:[#6]-,:[#6]-,:[#6]=,:[#8]",../data/pubchemfp_pattern_images/379.png
380,[#1]-C-C-N-[#1],"[#1]-,:[#6]-,:[#6]-,:[#7]-,:[#1]",../data/pubchemfp_pattern_images/380.png
381,C-C=N-N-C,"[#6]-,:[#6]=,:[#7]-,:[#7]-,:[#6]",../data/pubchemfp_pattern_images/381.png
382,O=C-N-C-C,"[#8]=,:[#6]-,:[#7]-,:[#6]-,:[#6]",../data/pubchemfp_pattern_images/382.png
383,O=C-N-C-[#1],"[#8]=,:[#6]-,:[#7]-,:[#6]-,:[#1]",../data/pubchemfp_pattern_images/383.png
384,O=C-N-C-N,"[#8]=,:[#6]-,:[#7]-,:[#6]-,:[#7]",../data/pubchemfp_pattern_images/384.png
385,O=N-C:C-N,"[#8]=,:[#7]-,:[#6]:[#6]-,:[#7]",../data/pubchemfp_pattern_images/385.png
386,O=N-C:C-O,"[#8]=,:[#7]-,:[#6]:[#6]-,:[#8]",../data/pubchemfp_pattern_images/386.png
387,O=C-N-C=O,"[#8]=,:[#6]-,:[#7]-,:[#6]=,:[#8]",../data/pubchemfp_pattern_images/387.png
393,C-C-N-C-C,"[#6]-,:[#6]-,:[#7]-,:[#6]-,:[#6]",../data/pubchemfp_pattern_images/393.png
394,C-N-C:C-C,"[#6]-,:[#7]-,:[#6]:[#6]-,:[#6]",../data/pubchemfp_pattern_images/394.png
395,C-C-S-C-C,"[#6]-,:[#6]-,:S-,:[#6]-,:[#6]",../data/pubchemfp_pattern_images/395.png
396,O-C-C-N-C,"[#8]-,:[#6]-,:[#6]-,:[#7]-,:[#6]",../data/pubchemfp_pattern_images/396.png
398,O-C-O-C-C,"[#8]-,:[#6]-,:[#8]-,:[#6]-,:[#6]",../data/pubchemfp_pattern_images/398.png
399,O-C-C-O-C,"[#8]-,:[#6]-,:[#6]-,:[#8]-,:[#6]",../data/pubchemfp_pattern_images/399.png
400,O-C-C-O-[#1],"[#8]-,:[#6]-,:[#6]-,:[#8]-,:[#1]",../data/pubchemfp_pattern_images/400.png
403,C=C-C-O-C,"[#6]=,:[#6]-,:[#6]-,:[#8]-,:[#6]",../data/pubchemfp_pattern_images/403.png
404,C=C-C-O-[#1],"[#6]=,:[#6]-,:[#6]-,:[#8]-,:[#1]",../data/pubchemfp_pattern_images/404.png
406,Cl-C:C-C=O,"[#17]-,:[#6]:[#6]-,:[#6]=,:[#8]",../data/pubchemfp_pattern_images/406.png
408,O=C-C=C-C,"[#8]=,:[#6]-,:[#6]=,:[#6]-,:[#6]",../data/pubchemfp_pattern_images/408.png
409,O=C-C=C-[#1],"[#8]=,:[#6]-,:[#6]=,:[#6]-,:[#1]",../data/pubchemfp_pattern_images/409.png
410,O=C-C=C-N,"[#8]=,:[#6]-,:[#6]=,:[#6]-,:[#7]",../data/pubchemfp_pattern_images/410.png
411,N-C-N-C:C,"[#7]-,:[#6]-,:[#7]-,:[#6]:[#6]",../data/pubchemfp_pattern_images/411.png
413,N#C-C-C-C,"[#7]#[#6]-,:[#6]-,:[#6]-,:[#6]",../data/pubchemfp_pattern_images/413.png
422,O=C-C-C-C-N,"[#8]=,:[#6]-,:[#6]-,:[#6]-,:[#6]-,:[#7]",../data/pubchemfp_pattern_images/422.png
423,O=C-C-C-C-O,"[#8]=,:[#6]-,:[#6]-,:[#6]-,:[#6]-,:[#8]",../data/pubchemfp_pattern_images/423.png
424,O=C-C-C-C=O,"[#8]=,:[#6]-,:[#6]-,:[#6]-,:[#6]=,:[#8]",../data/pubchemfp_pattern_images/424.png
437,O-C-C-C-C-C-O-C,"[#8]-,:[#6]-,:[#6]-,:[#6]-,:[#6]-,:[#6]-,:[#8]-,:[#6]",../data/pubchemfp_pattern_images/437.png
439,O-C-C-C-C-C-N-C,"[#8]-,:[#6]-,:[#6]-,:[#6]-,:[#6]-,:[#6]-,:[#7]-,:[#6]",../data/pubchemfp_pattern_images/439.png
441,O=C-C-C-C-C-C-C,"[#8]=,:[#6]-,:[#6]-,:[#6]-,:[#6]-,:[#6]-,:[#6]-,:[#6]",../data/pubchemfp_pattern_images/441.png
442,O=C-C-C-C-C(O)-C,"[#8]=,:[#6]-,:[#6]-,:[#6]-,:[#6]-,:[#6]([#8])-,:[#6]",../data/pubchemfp_pattern_images/442.png
443,O=C-C-C-C-C(=O)-C,"[#8]=,:[#6]-,:[#6]-,:[#6]-,:[#6]-,:[#6](=,:[#8])-,:[#6]",../data/pubchemfp_pattern_images/443.png
444,O=C-C-C-C-C(N)-C,"[#8]=,:[#6]-,:[#6]-,:[#6]-,:[#6]-,:[#6]([#7])-,:[#6]",../data/pubchemfp_pattern_images/444.png
448,C-C(C)(C)-C-C,"[#6]-,:[#6]([#6])([#6])-,:[#6]-,:[#6]",../data/pubchemfp_pattern_images/448.png
450,Cc1ccc(C)cc1,[#6]c1ccc([#6])cc1,../data/pubchemfp_pattern_images/450.png
451,Cc1ccc(O)cc1,[#6]c1ccc([#8])cc1,../data/pubchemfp_pattern_images/451.png
452,Cc1ccc(S)cc1,[#6]c1ccc(S)cc1,../data/pubchemfp_pattern_images/452.png
453,Cc1ccc(N)cc1,[#6]c1ccc([#7])cc1,../data/pubchemfp_pattern_images/453.png
454,Cc1ccc(Cl)cc1,[#6]c1ccc([#17])cc1,../data/pubchemfp_pattern_images/454.png
455,Cc1ccc(Br)cc1,[#6]c1ccc([#35])cc1,../data/pubchemfp_pattern_images/455.png
456,Oc1ccc(O)cc1,[#8]c1ccc([#8])cc1,../data/pubchemfp_pattern_images/456.png
457,Oc1ccc(S)cc1,[#8]c1ccc(S)cc1,../data/pubchemfp_pattern_images/457.png
458,Oc1ccc(N)cc1,[#8]c1ccc([#7])cc1,../data/pubchemfp_pattern_images/458.png
459,Oc1ccc(Cl)cc1,[#8]c1ccc([#17])cc1,../data/pubchemfp_pattern_images/459.png
460,Oc1ccc(Br)cc1,[#8]c1ccc([#35])cc1,../data/pubchemfp_pattern_images/460.png
461,Sc1ccc(S)cc1,Sc1ccc(S)cc1,../data/pubchemfp_pattern_images/461.png
462,Sc1ccc(N)cc1,Sc1ccc([#7])cc1,../data/pubchemfp_pattern_images/462.png
463,Sc1ccc(Cl)cc1,Sc1ccc([#17])cc1,../data/pubchemfp_pattern_images/463.png
464,Sc1ccc(Br)cc1,Sc1ccc([#35])cc1,../data/pubchemfp_pattern_images/464.png
465,Nc1ccc(N)cc1,[#7]c1ccc([#7])cc1,../data/pubchemfp_pattern_images/465.png
466,Nc1ccc(Cl)cc1,[#7]c1ccc([#17])cc1,../data/pubchemfp_pattern_images/466.png
467,Nc1ccc(Br)cc1,[#7]c1ccc([#35])cc1,../data/pubchemfp_pattern_images/467.png
468,Clc1ccc(Cl)cc1,[#17]c1ccc([#17])cc1,../data/pubchemfp_pattern_images/468.png
469,Clc1ccc(Br)cc1,[#17]c1ccc([#35])cc1,../data/pubchemfp_pattern_images/469.png
470,Brc1ccc(Br)cc1,[#35]c1ccc([#35])cc1,../data/pubchemfp_pattern_images/470.png
471,Cc1cc(C)ccc1,[#6]c1cc([#6])ccc1,../data/pubchemfp_pattern_images/471.png
472,Cc1cc(O)ccc1,[#6]c1cc([#8])ccc1,../data/pubchemfp_pattern_images/472.png
473,Cc1cc(S)ccc1,[#6]c1cc(S)ccc1,../data/pubchemfp_pattern_images/473.png
474,Cc1cc(N)ccc1,[#6]c1cc([#7])ccc1,../data/pubchemfp_pattern_images/474.png
475,Cc1cc(Cl)ccc1,[#6]c1cc([#17])ccc1,../data/pubchemfp_pattern_images/475.png
476,Cc1cc(Br)ccc1,[#6]c1cc([#35])ccc1,../data/pubchemfp_pattern_images/476.png
477,Oc1cc(O)ccc1,[#8]c1cc([#8])ccc1,../data/pubchemfp_pattern_images/477.png
478,Oc1cc(S)ccc1,[#8]c1cc(S)ccc1,../data/pubchemfp_pattern_images/478.png
479,Oc1cc(N)ccc1,[#8]c1cc([#7])ccc1,../data/pubchemfp_pattern_images/479.png
480,Oc1cc(Cl)ccc1,[#8]c1cc([#17])ccc1,../data/pubchemfp_pattern_images/480.png
481,Oc1cc(Br)ccc1,[#8]c1cc([#35])ccc1,../data/pubchemfp_pattern_images/481.png
482,Sc1cc(S)ccc1,Sc1cc(S)ccc1,../data/pubchemfp_pattern_images/482.png
483,Sc1cc(N)ccc1,Sc1cc([#7])ccc1,../data/pubchemfp_pattern_images/483.png
484,Sc1cc(Cl)ccc1,Sc1cc([#17])ccc1,../data/pubchemfp_pattern_images/484.png
485,Sc1cc(Br)ccc1,Sc1cc([#35])ccc1,../data/pubchemfp_pattern_images/485.png
486,Nc1cc(N)ccc1,[#7]c1cc([#7])ccc1,../data/pubchemfp_pattern_images/486.png
487,Nc1cc(Cl)ccc1,[#7]c1cc([#17])ccc1,../data/pubchemfp_pattern_images/487.png
488,Nc1cc(Br)ccc1,[#7]c1cc([#35])ccc1,../data/pubchemfp_pattern_images/488.png
489,Clc1cc(Cl)ccc1,[#17]c1cc([#17])ccc1,../data/pubchemfp_pattern_images/489.png
490,Clc1cc(Br)ccc1,[#17]c1cc([#35])ccc1,../data/pubchemfp_pattern_images/490.png
491,Brc1cc(Br)ccc1,[#35]c1cc([#35])ccc1,../data/pubchemfp_pattern_images/491.png
492,Cc1c(C)cccc1,[#6]c1c([#6])cccc1,../data/pubchemfp_pattern_images/492.png
493,Cc1c(O)cccc1,[#6]c1c([#8])cccc1,../data/pubchemfp_pattern_images/493.png
494,Cc1c(S)cccc1,[#6]c1c(S)cccc1,../data/pubchemfp_pattern_images/494.png
495,Cc1c(N)cccc1,[#6]c1c([#7])cccc1,../data/pubchemfp_pattern_images/495.png
496,Cc1c(Cl)cccc1,[#6]c1c([#17])cccc1,../data/pubchemfp_pattern_images/496.png
497,Cc1c(Br)cccc1,[#6]c1c([#35])cccc1,../data/pubchemfp_pattern_images/497.png
498,Oc1c(O)cccc1,[#8]c1c([#8])cccc1,../data/pubchemfp_pattern_images/498.png
499,Oc1c(S)cccc1,[#8]c1c(S)cccc1,../data/pubchemfp_pattern_images/499.png
500,Oc1c(N)cccc1,[#8]c1c([#7])cccc1,../data/pubchemfp_pattern_images/500.png
501,Oc1c(Cl)cccc1,[#8]c1c([#17])cccc1,../data/pubchemfp_pattern_images/501.png
502,Oc1c(Br)cccc1,[#8]c1c([#35])cccc1,../data/pubchemfp_pattern_images/502.png
503,Sc1c(S)cccc1,Sc1c(S)cccc1,../data/pubchemfp_pattern_images/503.png
504,Sc1c(N)cccc1,Sc1c([#7])cccc1,../data/pubchemfp_pattern_images/504.png
505,Sc1c(Cl)cccc1,Sc1c([#17])cccc1,../data/pubchemfp_pattern_images/505.png
506,Sc1c(Br)cccc1,Sc1c([#35])cccc1,../data/pubchemfp_pattern_images/506.png
507,Nc1c(N)cccc1,[#7]c1c([#7])cccc1,../data/pubchemfp_pattern_images/507.png
508,Nc1c(Cl)cccc1,[#7]c1c([#17])cccc1,../data/pubchemfp_pattern_images/508.png
509,Nc1c(Br)cccc1,[#7]c1c([#35])cccc1,../data/pubchemfp_pattern_images/509.png
510,Clc1c(Cl)cccc1,[#17]c1c([#17])cccc1,../data/pubchemfp_pattern_images/510.png
511,Clc1c(Br)cccc1,[#17]c1c([#35])cccc1,../data/pubchemfp_pattern_images/511.png
512,Brc1c(Br)cccc1,[#35]c1c([#35])cccc1,../data/pubchemfp_pattern_images/512.png
513,CC1CCC(C)CC1,[#6][#6]1[#6][#6][#6]([#6])[#6][#6]1,../data/pubchemfp_pattern_images/513.png
514,CC1CCC(O)CC1,[#6][#6]1[#6][#6][#6]([#8])[#6][#6]1,../data/pubchemfp_pattern_images/514.png
515,CC1CCC(S)CC1,[#6][#6]1[#6][#6][#6](S)[#6][#6]1,../data/pubchemfp_pattern_images/515.png
516,CC1CCC(N)CC1,[#6][#6]1[#6][#6][#6]([#7])[#6][#6]1,../data/pubchemfp_pattern_images/516.png
517,CC1CCC(Cl)CC1,[#6][#6]1[#6][#6][#6]([#17])[#6][#6]1,../data/pubchemfp_pattern_images/517.png
518,CC1CCC(Br)CC1,[#6][#6]1[#6][#6][#6]([#35])[#6][#6]1,../data/pubchemfp_pattern_images/518.png
519,OC1CCC(O)CC1,[#8][#6]1[#6][#6][#6]([#8])[#6][#6]1,../data/pubchemfp_pattern_images/519.png
520,OC1CCC(S)CC1,[#8][#6]1[#6][#6][#6](S)[#6][#6]1,../data/pubchemfp_pattern_images/520.png
521,OC1CCC(N)CC1,[#8][#6]1[#6][#6][#6]([#7])[#6][#6]1,../data/pubchemfp_pattern_images/521.png
522,OC1CCC(Cl)CC1,[#8][#6]1[#6][#6][#6]([#17])[#6][#6]1,../data/pubchemfp_pattern_images/522.png
523,OC1CCC(Br)CC1,[#8][#6]1[#6][#6][#6]([#35])[#6][#6]1,../data/pubchemfp_pattern_images/523.png
524,SC1CCC(S)CC1,S[#6]1[#6][#6][#6](S)[#6][#6]1,../data/pubchemfp_pattern_images/524.png
525,SC1CCC(N)CC1,S[#6]1[#6][#6][#6]([#7])[#6][#6]1,../data/pubchemfp_pattern_images/525.png
526,SC1CCC(Cl)CC1,S[#6]1[#6][#6][#6]([#17])[#6][#6]1,../data/pubchemfp_pattern_images/526.png
527,SC1CCC(Br)CC1,S[#6]1[#6][#6][#6]([#35])[#6][#6]1,../data/pubchemfp_pattern_images/527.png
528,NC1CCC(N)CC1,[#7][#6]1[#6][#6][#6]([#7])[#6][#6]1,../data/pubchemfp_pattern_images/528.png
529,NC1CCC(Cl)CC1,[#7][#6]1[#6][#6][#6]([#17])[#6][#6]1,../data/pubchemfp_pattern_images/529.png
530,NC1CCC(Br)CC1,[#7][#6]1[#6][#6][#6]([#35])[#6][#6]1,../data/pubchemfp_pattern_images/530.png
531,ClC1CCC(Cl)CC1,[#17][#6]1[#6][#6][#6]([#17])[#6][#6]1,../data/pubchemfp_pattern_images/531.png
532,ClC1CCC(Br)CC1,[#17][#6]1[#6][#6][#6]([#35])[#6][#6]1,../data/pubchemfp_pattern_images/532.png
533,BrC1CCC(Br)CC1,[#35][#6]1[#6][#6][#6]([#35])[#6][#6]1,../data/pubchemfp_pattern_images/533.png
534,CC1CC(C)CCC1,[#6][#6]1[#6][#6]([#6])[#6][#6][#6]1,../data/pubchemfp_pattern_images/534.png
535,CC1CC(O)CCC1,[#6][#6]1[#6][#6]([#8])[#6][#6][#6]1,../data/pubchemfp_pattern_images/535.png
536,CC1CC(S)CCC1,[#6][#6]1[#6][#6](S)[#6][#6][#6]1,../data/pubchemfp_pattern_images/536.png
537,CC1CC(N)CCC1,[#6][#6]1[#6][#6]([#7])[#6][#6][#6]1,../data/pubchemfp_pattern_images/537.png
538,CC1CC(Cl)CCC1,[#6][#6]1[#6][#6]([#17])[#6][#6][#6]1,../data/pubchemfp_pattern_images/538.png
539,CC1CC(Br)CCC1,[#6][#6]1[#6][#6]([#35])[#6][#6][#6]1,../data/pubchemfp_pattern_images/539.png
540,OC1CC(O)CCC1,[#8][#6]1[#6][#6]([#8])[#6][#6][#6]1,../data/pubchemfp_pattern_images/540.png
541,OC1CC(S)CCC1,[#8][#6]1[#6][#6](S)[#6][#6][#6]1,../data/pubchemfp_pattern_images/541.png
542,OC1CC(N)CCC1,[#8][#6]1[#6][#6]([#7])[#6][#6][#6]1,../data/pubchemfp_pattern_images/542.png
543,OC1CC(Cl)CCC1,[#8][#6]1[#6][#6]([#17])[#6][#6][#6]1,../data/pubchemfp_pattern_images/543.png
544,OC1CC(Br)CCC1,[#8][#6]1[#6][#6]([#35])[#6][#6][#6]1,../data/pubchemfp_pattern_images/544.png
545,SC1CC(S)CCC1,S[#6]1[#6][#6](S)[#6][#6][#6]1,../data/pubchemfp_pattern_images/545.png
546,SC1CC(N)CCC1,S[#6]1[#6][#6]([#7])[#6][#6][#6]1,../data/pubchemfp_pattern_images/546.png
547,SC1CC(Cl)CCC1,S[#6]1[#6][#6]([#17])[#6][#6][#6]1,../data/pubchemfp_pattern_images/547.png
548,SC1CC(Br)CCC1,S[#6]1[#6][#6]([#35])[#6][#6][#6]1,../data/pubchemfp_pattern_images/548.png
549,NC1CC(N)CCC1,[#7][#6]1[#6][#6]([#7])[#6][#6][#6]1,../data/pubchemfp_pattern_images/549.png
550,NC1CC(Cl)CCC1,[#7][#6]1[#6][#6]([#17])[#6][#6][#6]1,../data/pubchemfp_pattern_images/550.png
551,NC1CC(Br)CCC1,[#7][#6]1[#6][#6]([#35])[#6][#6][#6]1,../data/pubchemfp_pattern_images/551.png
552,ClC1CC(Cl)CCC1,[#17][#6]1[#6][#6]([#17])[#6][#6][#6]1,../data/pubchemfp_pattern_images/552.png
553,ClC1CC(Br)CCC1,[#17][#6]1[#6][#6]([#35])[#6][#6][#6]1,../data/pubchemfp_pattern_images/553.png
554,BrC1CC(Br)CCC1,[#35][#6]1[#6][#6]([#35])[#6][#6][#6]1,../data/pubchemfp_pattern_images/554.png
555,CC1C(C)CCCC1,[#6][#6]1[#6]([#6])[#6][#6][#6][#6]1,../data/pubchemfp_pattern_images/555.png
556,CC1C(O)CCCC1,[#6][#6]1[#6]([#8])[#6][#6][#6][#6]1,../data/pubchemfp_pattern_images/556.png
557,CC1C(S)CCCC1,[#6][#6]1[#6](S)[#6][#6][#6][#6]1,../data/pubchemfp_pattern_images/557.png
558,CC1C(N)CCCC1,[#6][#6]1[#6]([#7])[#6][#6][#6][#6]1,../data/pubchemfp_pattern_images/558.png
559,CC1C(Cl)CCCC1,[#6][#6]1[#6]([#17])[#6][#6][#6][#6]1,../data/pubchemfp_pattern_images/559.png
560,CC1C(Br)CCCC1,[#6][#6]1[#6]([#35])[#6][#6][#6][#6]1,../data/pubchemfp_pattern_images/560.png
561,OC1C(O)CCCC1,[#8][#6]1[#6]([#8])[#6][#6][#6][#6]1,../data/pubchemfp_pattern_images/561.png
562,OC1C(S)CCCC1,[#8][#6]1[#6](S)[#6][#6][#6][#6]1,../data/pubchemfp_pattern_images/562.png
563,OC1C(N)CCCC1,[#8][#6]1[#6]([#7])[#6][#6][#6][#6]1,../data/pubchemfp_pattern_images/563.png
564,OC1C(Cl)CCCC1,[#8][#6]1[#6]([#17])[#6][#6][#6][#6]1,../data/pubchemfp_pattern_images/564.png
565,OC1C(Br)CCCC1,[#8][#6]1[#6]([#35])[#6][#6][#6][#6]1,../data/pubchemfp_pattern_images/565.png
566,SC1C(S)CCCC1,S[#6]1[#6](S)[#6][#6][#6][#6]1,../data/pubchemfp_pattern_images/566.png
567,SC1C(N)CCCC1,S[#6]1[#6]([#7])[#6][#6][#6][#6]1,../data/pubchemfp_pattern_images/567.png
568,SC1C(Cl)CCCC1,S[#6]1[#6]([#17])[#6][#6][#6][#6]1,../data/pubchemfp_pattern_images/568.png
569,SC1C(Br)CCCC1,S[#6]1[#6]([#35])[#6][#6][#6][#6]1,../data/pubchemfp_pattern_images/569.png
570,NC1C(N)CCCC1,[#7][#6]1[#6]([#7])[#6][#6][#6][#6]1,../data/pubchemfp_pattern_images/570.png
571,NC1C(Cl)CCCC1,[#7][#6]1[#6]([#17])[#6][#6][#6][#6]1,../data/pubchemfp_pattern_images/571.png
572,NC1C(Br)CCCC1,[#7][#6]1[#6]([#35])[#6][#6][#6][#6]1,../data/pubchemfp_pattern_images/572.png
573,ClC1C(Cl)CCCC1,[#17][#6]1[#6]([#17])[#6][#6][#6][#6]1,../data/pubchemfp_pattern_images/573.png
574,ClC1C(Br)CCCC1,[#17][#6]1[#6]([#35])[#6][#6][#6][#6]1,../data/pubchemfp_pattern_images/574.png
575,BrC1C(Br)CCCC1,[#35][#6]1[#6]([#35])[#6][#6][#6][#6]1,../data/pubchemfp_pattern_images/575.png
576,CC1CC(C)CC1,[#6][#6]1[#6][#6]([#6])[#6][#6]1,../data/pubchemfp_pattern_images/576.png
577,CC1CC(O)CC1,[#6][#6]1[#6][#6]([#8])[#6][#6]1,../data/pubchemfp_pattern_images/577.png
578,CC1CC(S)CC1,[#6][#6]1[#6][#6](S)[#6][#6]1,../data/pubchemfp_pattern_images/578.png
579,CC1CC(N)CC1,[#6][#6]1[#6][#6]([#7])[#6][#6]1,../data/pubchemfp_pattern_images/579.png
580,CC1CC(Cl)CC1,[#6][#6]1[#6][#6]([#17])[#6][#6]1,../data/pubchemfp_pattern_images/580.png
581,CC1CC(Br)CC1,[#6][#6]1[#6][#6]([#35])[#6][#6]1,../data/pubchemfp_pattern_images/581.png
582,OC1CC(O)CC1,[#8][#6]1[#6][#6]([#8])[#6][#6]1,../data/pubchemfp_pattern_images/582.png
583,OC1CC(S)CC1,[#8][#6]1[#6][#6](S)[#6][#6]1,../data/pubchemfp_pattern_images/583.png
584,OC1CC(N)CC1,[#8][#6]1[#6][#6]([#7])[#6][#6]1,../data/pubchemfp_pattern_images/584.png
585,OC1CC(Cl)CC1,[#8][#6]1[#6][#6]([#17])[#6][#6]1,../data/pubchemfp_pattern_images/585.png
586,OC1CC(Br)CC1,[#8][#6]1[#6][#6]([#35])[#6][#6]1,../data/pubchemfp_pattern_images/586.png
587,SC1CC(S)CC1,S[#6]1[#6][#6](S)[#6][#6]1,../data/pubchemfp_pattern_images/587.png
588,SC1CC(N)CC1,S[#6]1[#6][#6]([#7])[#6][#6]1,../data/pubchemfp_pattern_images/588.png
589,SC1CC(Cl)CC1,S[#6]1[#6][#6]([#17])[#6][#6]1,../data/pubchemfp_pattern_images/589.png
590,SC1CC(Br)CC1,S[#6]1[#6][#6]([#35])[#6][#6]1,../data/pubchemfp_pattern_images/590.png
591,NC1CC(N)CC1,[#7][#6]1[#6][#6]([#7])[#6][#6]1,../data/pubchemfp_pattern_images/591.png
592,NC1CC(Cl)CC1,[#7][#6]1[#6][#6]([#17])[#6][#6]1,../data/pubchemfp_pattern_images/592.png
593,NC1CC(Br)CC1,[#7][#6]1[#6][#6]([#35])[#6][#6]1,../data/pubchemfp_pattern_images/593.png
594,ClC1CC(Cl)CC1,[#17][#6]1[#6][#6]([#17])[#6][#6]1,../data/pubchemfp_pattern_images/594.png
595,ClC1CC(Br)CC1,[#17][#6]1[#6][#6]([#35])[#6][#6]1,../data/pubchemfp_pattern_images/595.png
596,BrC1CC(Br)CC1,[#35][#6]1[#6][#6]([#35])[#6][#6]1,../data/pubchemfp_pattern_images/596.png
597,CC1C(C)CCC1,[#6][#6]1[#6]([#6])[#6][#6][#6]1,../data/pubchemfp_pattern_images/597.png
598,CC1C(O)CCC1,[#6][#6]1[#6]([#8])[#6][#6][#6]1,../data/pubchemfp_pattern_images/598.png
599,CC1C(S)CCC1,[#6][#6]1[#6](S)[#6][#6][#6]1,../data/pubchemfp_pattern_images/599.png
600,CC1C(N)CCC1,[#6][#6]1[#6]([#7])[#6][#6][#6]1,../data/pubchemfp_pattern_images/600.png
601,CC1C(Cl)CCC1,[#6][#6]1[#6]([#17])[#6][#6][#6]1,../data/pubchemfp_pattern_images/601.png
602,CC1C(Br)CCC1,[#6][#6]1[#6]([#35])[#6][#6][#6]1,../data/pubchemfp_pattern_images/602.png
603,OC1C(O)CCC1,[#8][#6]1[#6]([#8])[#6][#6][#6]1,../data/pubchemfp_pattern_images/603.png
604,OC1C(S)CCC1,[#8][#6]1[#6](S)[#6][#6][#6]1,../data/pubchemfp_pattern_images/604.png
605,OC1C(N)CCC1,[#8][#6]1[#6]([#7])[#6][#6][#6]1,../data/pubchemfp_pattern_images/605.png
606,OC1C(Cl)CCC1,[#8][#6]1[#6]([#17])[#6][#6][#6]1,../data/pubchemfp_pattern_images/606.png
607,OC1C(Br)CCC1,[#8][#6]1[#6]([#35])[#6][#6][#6]1,../data/pubchemfp_pattern_images/607.png
608,SC1C(S)CCC1,S[#6]1[#6](S)[#6][#6][#6]1,../data/pubchemfp_pattern_images/608.png
609,SC1C(N)CCC1,S[#6]1[#6]([#7])[#6][#6][#6]1,../data/pubchemfp_pattern_images/609.png
610,SC1C(Cl)CCC1,S[#6]1[#6]([#17])[#6][#6][#6]1,../data/pubchemfp_pattern_images/610.png
611,SC1C(Br)CCC1,S[#6]1[#6]([#35])[#6][#6][#6]1,../data/pubchemfp_pattern_images/611.png
612,NC1C(N)CCC1,[#7][#6]1[#6]([#7])[#6][#6][#6]1,../data/pubchemfp_pattern_images/612.png
613,NC1C(Cl)CC1,[#7][#6]1[#6]([#17])[#6][#6]1,../data/pubchemfp_pattern_images/613.png
614,NC1C(Br)CCC1,[#7][#6]1[#6]([#35])[#6][#6][#6]1,../data/pubchemfp_pattern_images/614.png
615,ClC1C(Cl)CCC1,[#17][#6]1[#6]([#17])[#6][#6][#6]1,../data/pubchemfp_pattern_images/615.png
616,ClC1C(Br)CCC1,[#17][#6]1[#6]([#35])[#6][#6][#6]1,../data/pubchemfp_pattern_images/616.png
617,BrC1C(Br)CCC1,[#35][#6]1[#6]([#35])[#6][#6][#6]1,../data/pubchemfp_pattern_images/617.png
